brand,price_raw,price,year,kilometers,fuel,transmission,listing_url
Toyota,₹12.5 Lakh,1250000,2018,45000,Petrol,Automatic,https://www.cars24.com/example1
Toyota,₹9.8 Lakh,980000,2016,72000,Diesel,Manual,https://www.cars24.com/example2
Toyota,₹15.0 Lakh,1500000,2019,30000,Hybrid,Automatic,https://www.cars24.com/example3
Toyota,₹7.25 Lakh,725000,2014,95000,Petrol,Manual,https://www.cars24.com/example4
Toyota,₹18.2 Lakh,1820000,2020,15000,Petrol,Automatic,https://www.cars24.com/example5
Toyota,₹5.5 Lakh,550000,2012,120000,Diesel,Manual,https://www.cars24.com/example6
Toyota,₹10.0 Lakh,1000000,2017,65000,Petrol,Automatic,https://www.cars24.com/example7
Toyota,₹20.0 Lakh,2000000,2021,8000,Hybrid,Automatic,https://www.cars24.com/example8
Toyota,₹8.0 Lakh,800000,2015,84000,Diesel,Manual,https://www.cars24.com/example9
Toyota,₹6.75 Lakh,675000,2013,110000,Petrol,Manual,https://www.cars24.com/example10
